Task ID,Task Description,Priority,Status,Dependencies
1,Complete Module Federation Setup,High,In Progress,
1.1,Configure Module Federation in webpack for all front-end apps,High,Not Started,1
1.2,Set up shared components using Module Federation,High,Not Started,1.1
1.3,Test Module Federation setup across micro-frontends,High,Not Started,1.2
2,API Integration Testing,High,Not Started,
2.1,Write unit tests for API endpoints in cryptiq-shell/api,High,Not Started,1
2.2,Perform integration testing between front-end and API,High,Not Started,1
3,Complete Frontend Components,Medium,In Progress,
3.1,Implement Dashboard Components,Medium,In Progress,
3.1.1,CryptoDashboardPage.tsx,Medium,Not Started,
3.1.2,MarketScanningDashboard.tsx,Medium,Not Started,
3.1.3,MarketSentimentHeatmap.tsx,Medium,Not Started,
3.2,Implement Portfolio Management Components,Medium,Not Started,
3.2.1,PortfolioAggregation.tsx,Medium,Not Started,
3.2.2,PortfolioRebalancer.tsx,Medium,Not Started,
3.2.3,RiskManagementDashboard.tsx,Medium,Not Started,
3.3,Implement Wallet Components,Medium,Not Started,
3.3.1,ConnectWalletModal.tsx,Medium,Not Started,
3.3.2,ConnectedWalletsList.tsx,Medium,Not Started,
4,Implement Scalability and Performance Enhancements,Medium,Not Started,
4.1,Implement Redis Caching Layer,Medium,Not Started,
4.2,Integrate WebSockets for Real-Time Updates,Medium,Not Started,
5,Enhance Security Measures,High,Not Started,
5.1,Implement API Rate Limiting,High,Not Started,
5.2,Add Two-Factor Authentication (2FA),High,Not Started,
5.3,Encrypt Sensitive Data at Rest and in Transit,High,Not Started,
6,Develop Comprehensive Testing Strategy,Medium,Not Started,
6.1,Implement Unit Testing,Medium,Not Started,
6.2,Implement Integration Testing,Medium,Not Started,
6.3,Implement End-to-End Testing,Medium,Not Started,
6.4,Set Up Automated UI Tests (Cypress/Selenium),Medium,Not Started,
7,Set Up Monitoring and Logging Systems,Medium,Not Started,
7.1,Implement Centralized Logging System (ELK Stack),Medium,Not Started,
7.2,Set Up Application Performance Monitoring (APM),Medium,Not Started,
8,Create Detailed Documentation,Low,Not Started,
8.1,Create API Documentation (Swagger/OpenAPI),Low,Not Started,
8.2,Develop Comprehensive Developer Guide,Low,Not Started,
9,Implement Internationalization and Accessibility Features,Low,Not Started,
9.1,Implement i18n Support,Low,Not Started,
9.2,Ensure UI Components are WCAG Compliant,Low,Not Started,
10,Establish CI/CD Pipeline,Medium,Not Started,
10.1,Implement Automated Testing in Pipeline,Medium,Not Started,
10.2,Implement Automated Deployment,Medium,Not Started,
11,Develop Error Handling and Fallback Strategies,Medium,Not Started,
11.1,Implement Graceful Degradation,Medium,Not Started,
11.2,Create Comprehensive Error Handling System,Medium,Not Started,
12,Integrate Advanced Data Visualization Tools,Low,Not Started,
12.1,Integrate D3.js into Data Visualization Components,Low,Not Started,
12.2,Optimize Performance of Data Visualizations,Low,Not Started,
